timestamp,sensor_reading
0,0.506650977914051
1,0.06740327832755888
2,0.7191607544659571
3,0.8046273897425912
4,-0.1944730870905626
5,0.03992188189242174
6,0.5424510381214116
7,0.38424225411541896
8,0.4820091887464379
9,0.1786365586184283
10,0.7713147827644111
11,0.7197914155042424
12,0.45316395991129677
13,0.8062808943253448
14,0.5570329646755061
15,0.07503038995438926
16,0.48868009931473244
17,0.010005929043660156
18,0.6418974840349658
19,0.30923019582359057
20,0.25825515253090026
21,0.08534974645934926
22,0.7571452629041686
23,0.28592446868048393
24,0.20624119823867887
25,0.25457071663432207
26,0.5913278245814336
27,0.5655943346694804
28,0.6201103867566635
29,0.6694351926484731
30,1.3158885563671245
31,0.4759559249988379
32,0.4945061669777028
33,0.4476650568259824
34,1.0092184293236448
35,1.2516406813095378
36,0.8804756216991254
37,0.6903591135037693
38,0.7593019167968678
39,1.3376288474225833
40,1.4299079255958524
41,1.4167387647774845
42,1.04684379768205
43,1.4097344971054497
44,1.4129434599693769
45,1.4866049812597852
46,1.7468489157453373
47,1.5452871974898272
48,1.7228824127977145
49,1.519955771249208
50,1.6011917895414944
51,1.717253975971585
52,0.975258128773068
53,1.3551438296936331
54,1.2772184144609928
55,1.186456725519461
56,1.2758036388407832
57,1.851707492964137
58,0.9767313047404576
59,1.5655321949776848
60,0.5807645456091169
61,0.9927116111889166
62,1.1048339150755544
63,1.1895916964164013
64,1.1692865348058308
65,1.1341719111771997
66,0.6715718561352674
67,0.5706623842801409
68,0.974082680592744
69,0.5512446670248881
70,0.1198216828941907
71,0.12199731669449554
72,0.1538456725975037
73,0.6116951725608706
74,0.45486861726245936
75,0.6194873332289212
76,0.20661750977797952
77,0.39549867928141463
78,0.548212432256826
79,0.21540379809864524
80,0.4828283129168356
81,0.09503018529545113
82,0.20737103227964518
83,0.21200657643439483
84,-0.05892655107030603
85,0.5462231202384761
86,0.22911387581633658
87,0.4161194134412237
88,0.5983145463819391
89,0.6038501497145908
90,0.6964102797028963
91,0.4427320136908829
92,0.3397351846574849
93,0.46702578761843305
94,-0.0928601548724487
95,-0.010804656053847617
96,0.02544436461423938
97,0.12639334934514773
98,0.5964238152869001
99,0.11448004613571094
100,0.2676431060862138
101,0.8170239497649734
102,0.19367130309770875
103,0.5265218986684155
104,-0.11411007290664626
105,0.07962574095205482
106,-0.24703971429443622
107,-0.10364954620191769
108,0.2348796902203473
109,-0.7411406481344441
110,-0.06426362082141282
111,-0.21445172561923376
112,-0.5877732846352983
113,-0.9680991365459426
114,-0.5180644188560144
115,-0.8083187956358122
116,-0.6188040841637699
117,-0.766628024383802
118,-0.2837564584140515
119,-0.993653636221466
120,-1.3283946976893513
121,-0.9619739588011091
122,-0.9960781436887414
123,-0.6391606649733166
124,-0.8575587609772459
125,-1.0529125886028736
126,-0.6865553587624974
127,-1.6286225100579557
128,-1.4433881978710805
129,-1.5439947651227386
130,-1.34995892266694
131,-1.683216234315291
132,-0.9614274825666509
133,-1.2389248916805073
134,-1.6490312677502095
135,-1.4591666527798235
136,-0.9605324369393425
137,-0.7413019973010709
138,-0.2987821145732259
139,0.05983554308720718
140,-0.7775120685280914
141,-1.232349679629761
142,-1.5973269575058535
143,-0.7248398304128035
144,-1.0734579081916071
145,-0.9082254179675624
146,-0.9550373790993134
147,-0.7724843769538221
148,-0.337303056043971
149,-0.6476443372706431
150,2.744477807036459
151,-1.0650901493655476
152,-1.2965351674661711
153,-0.8934153348837532
154,-0.7596273922147925
155,-0.14407490715171345
156,-0.7433324423174826
157,-0.47458001337507555
158,-1.025864218738599
159,-1.3007416558645668
160,-1.2603462369560199
161,-1.2138454426028713
162,-0.252673520313043
163,-1.322131633792639
164,-0.7767910622391898
165,-1.419738486687642
166,-0.8081985101682941
167,-1.026414109558885
168,-1.2385535781320243
169,-1.2156429668179844
170,-1.4427011849627078
171,-1.0635679151120767
172,-1.3787193795279418
173,-1.6415174583634953
174,-1.6459895217012113
175,-1.1174116881024616
176,-0.597165757303697
177,-1.058879251556766
178,-1.114600397217318
179,-0.9246812821749297
180,-0.5130699656743114
181,-0.8330952911285594
182,-0.9882036011681814
183,-0.3870752267960479
184,-0.5501760046763535
185,-0.0854817502648838
186,-0.4791776935282037
187,-0.8905430486121584
188,-0.8586765198774029
189,0.2801655898454065
190,0.38697110621169006
191,-0.19941022466603436
192,-0.19334372028733876
193,0.526517532648048
194,-0.3019979837909534
195,-0.16162557042881465
196,0.43782049323797556
197,0.13027965670407754
198,0.3165710396171829
199,0.3050890310562705
200,0.5181510920796265
201,0.9240163669715328
202,0.4882075533493077
203,0.7008083166525666
204,-0.22917100642257782
205,0.47863326861869165
206,0.2025763024103569
207,0.06834259028740303
208,0.18053626544787615
209,0.36025872902389705
210,0.7840913813870258
211,-0.01667321310473674
212,0.44077423817291705
213,0.24228717021978077
214,0.2787191118606038
215,0.7267479908201341
216,0.5479577278372321
217,0.8137041769387703
218,0.2803628908399555
219,0.08312435058403295
220,0.24460639386356664
221,0.4085489639456562
222,0.3910564698270572
223,-0.03952603787711356
224,0.3878273595655224
225,0.45769737485381895
226,1.2861355227746332
227,1.094584526090637
228,0.17701880000247966
229,0.4180636650535009
230,0.05410719541951314
231,0.41145372584623396
232,0.7842528734093605
233,1.1545342790236213
234,0.5384462882119578
235,0.6275491248334966
236,0.16880607146980164
237,0.927480808249935
238,0.6760252981379532
239,0.9246175721058102
240,0.8628676933159898
241,1.1936428768822724
242,0.6645672582582725
243,0.8150121981452516
244,2.1173399159800264
245,0.9594660689587193
246,1.057973891004347
247,2.1099484903311483
248,2.502036174956693
249,1.0862547768392259
250,1.3711128651241893
251,1.615847539757274
252,2.0903068412645087
253,1.1216287779688054
254,1.356001597383733
255,1.6821321240262401
256,1.524271552833438
257,1.1968234091015628
258,1.2329341576524784
259,0.7454212379411731
260,1.0864081552835159
261,1.0166857501808049
262,1.1291298036579929
263,0.7900493538539965
264,1.0853957147691289
265,1.2109509150941644
266,0.8480258961061833
267,0.8556002546524603
268,0.6923954938049942
269,0.6182307183154487
270,0.3137665843224671
271,0.6294208331813725
272,0.44160366325334494
273,1.17029782026776
274,0.9556938255040957
275,0.5128637526999771
276,0.08908591260259763
277,-0.0493342277896317
278,0.746155827949361
279,0.4156373158022271
280,0.49100717095880525
281,-0.2839008307721884
282,0.6590433471227835
283,0.5046619577088373
284,-0.029033414659209222
285,0.21074906935604065
286,0.48570571641207216
287,0.4301098513112187
288,0.3277933007336269
289,0.411343344281024
290,0.3753334091900112
291,0.530598812505045
292,1.0029117844205437
293,-0.40340329289028143
294,0.4148093044344723
295,0.5574640567745893
296,0.5919871253287649
297,0.34525963554321487
298,-0.15834978793380666
299,0.5461961348116708
300,1.0045725749574652
301,-0.17455744618079738
302,0.6207034977635748
303,0.15340762161192353
304,0.1911925940567162
305,-0.21698559254065816
306,-0.031591655400290033
307,0.4700276385079142
308,0.14470117680595584
309,0.46973056187635787
310,0.19578226507973057
311,-0.14397884881017758
312,0.23055628401730865
313,-0.30833128195157716
314,-0.25351388467689634
315,-0.7267961812006297
316,-0.676949722587195
317,-1.0183746134721043
318,-0.4980246932681736
319,-1.3222854346961108
320,-0.6963479554255172
321,-1.0914483011626244
322,-0.6631405003652965
323,-0.8520721702515275
324,-0.5126215418709672
325,-0.9220463174066756
326,-1.7489254601679773
327,-1.2359890515593281
328,-1.629677678816854
329,-1.401091130459001
330,-0.6845955399155693
331,-0.9782392488563895
332,-1.4283559639542531
333,-1.515948025950077
334,-1.122775332167587
335,-1.5295100266405797
336,-1.3051613806357145
337,-0.9254429810211712
338,-0.5932787140280076
339,-0.7469498047368067
340,-1.7245066981840256
341,-0.7794829824580202
342,-0.8258990086184943
343,-0.6736772423527029
344,-0.22325513625507154
345,-1.484983773786332
346,-0.9476896982452682
347,-0.5163903537304132
348,-1.2639541766285267
349,-0.18602916905778577
350,-0.5710751855547697
351,-0.4063069408313222
352,-0.910226418352274
353,-0.4383902752199134
354,-0.3668384548322174
355,-0.6813430698566627
356,-0.7068882123884496
357,-0.7239187084845405
358,-1.1532816019086791
359,-0.9376463757027295
360,-0.9759382565330152
361,-0.8258284674916343
362,-0.6476994402467473
363,-1.4051339247565489
364,-1.1140154441587624
365,-0.5852045326765436
366,-1.3945049447586753
367,-1.4489344537475488
368,-1.1129231468107734
369,-0.9058412660007206
370,-1.2095263721161904
371,-0.7545569789778587
372,-0.9195972675103845
373,-0.9179184176334367
374,-1.004770595225911
375,-0.36313887418407365
376,-1.221654288150464
377,-1.8161091185307514
378,-0.51158795654786
379,-1.184915231870709
380,-0.9324124197516387
381,-0.45153642690472523
382,-1.4051699097469976
383,-1.2123528002541581
384,-1.2606880361295176
385,-0.9009440489723777
386,-0.389436934449926
387,-0.27851314252551407
388,-0.2831248373764269
389,-0.7921272457978596
390,-1.02484809888389
391,-0.117554745130491
392,-0.22434976966316117
393,0.17579705046409086
394,0.3311517741017095
395,0.19991338742626089
396,0.47870269497835993
397,0.34861543064520883
398,0.5038863399297209
399,0.11565840353539072
400,0.337136005158989
401,0.5002693493416667
402,0.7436878023297933
403,0.33762032872706554
404,0.6707977684445192
405,0.40264113212385017
406,0.4565671384480161
407,0.7852588261440983
408,-0.20968153599601552
409,0.023436618443015034
410,-0.055239397542565793
411,-0.3692014038427958
412,0.19266066171055982
413,0.6740483367912431
414,0.29369527165338966
415,0.4450092806431706
416,0.740843448734635
417,0.810304985627502
418,0.3102416014232716
419,0.8004593260180681
420,-3.44479868977632
421,0.030585708661116928
422,0.12121567109870071
423,-0.17817799199319145
424,0.04530908718898846
425,0.25251161847915105
426,0.6862743664202724
427,1.0399583530501473
428,-0.00810955768389654
429,0.6561374554866851
430,0.20212151735732542
431,0.7843451616955729
432,0.6279107944120349
433,0.09166847266610512
434,1.118529578471188
435,0.6447501293741706
436,0.7334921484475843
437,0.6100005364892627
438,0.8188711954481572
439,1.2596830259271583
440,1.103533446346905
441,1.3416664716695335
442,1.4064448441081896
443,1.7907096134669551
444,1.2521282739675903
445,0.893163736508623
446,1.8153766892636654
447,1.3510078951846485
448,1.8753700213246332
449,1.6304850865419604
450,1.4541018644288293
451,1.6183746598442987
452,2.1681170617667567
453,2.1939719405875016
454,1.4661322407599449
455,1.4661306800656067
456,1.748787481883359
457,1.0324966725635267
458,1.3963468256494855
459,1.2175827740868173
460,1.2796368396847895
461,0.8182422896016476
462,0.49152171963066116
463,0.2588696778437042
464,0.5292727923319681
465,0.6959640291284622
466,0.691008576095154
467,1.4105164185630739
468,1.0608888016202955
469,0.2814692900138876
470,0.688009854420299
471,0.37617045887309875
472,0.37612662938403557
473,0.5025528894374361
474,0.6217295005791506
475,0.2590769899457968
476,0.7285039724527929
477,-0.05966859174527667
478,0.3314744661950527
479,1.23286089130927
480,0.4010348896905876
481,0.8283293419809394
482,0.3664719409380435
483,0.5488868226992383
484,0.3397432068484159
485,0.31614009855605013
486,0.12058585603339328
487,0.5623519475216758
488,0.13201519954985225
489,0.6805190708138094
490,0.8433759431184893
491,0.6054879258022121
492,0.3877025371284465
493,0.6538151141937165
494,0.38967132757161727
495,0.8231262032070352
496,-0.15260290053701264
497,0.3579671601641402
498,-0.2402813623597006
499,-0.09187357506778904
500,0.8773517804348709
501,0.675608789229941
502,0.06654561131952991
503,-0.25748475990937714
504,-0.8249289781477679
505,-0.03869454157069399
506,0.9326132592108581
507,0.1672215253755599
508,-0.2550784580070623
509,0.02619957330798961
510,-0.7626473196105211
511,-0.401722363379701
512,-0.345003684585914
513,-0.492114115647348
514,-0.2665276039643428
515,-0.5023705182808583
516,-0.4663266518001172
517,-1.015206574097777
518,-0.5301436774326798
519,-0.339751234937514
520,-1.3097229071496925
521,-1.3354139105359173
522,-0.6055524653667765
523,-1.1818467116507412
524,-0.6585102098240523
525,-1.3327049584674668
526,-0.6894454189945959
527,-1.1665354051630497
528,-1.1290950732457257
529,-0.6720418780463384
530,-1.340145158667881
531,-1.5307688162443185
532,-1.340727786761616
533,-1.002830064970839
534,-1.6822647399374586
535,-0.880599158429289
536,-1.2588322447131215
537,-0.6329118648073555
538,-1.8356290333805165
539,-1.2353143413018157
540,-1.5128192231066264
541,-1.1751916508459908
542,-0.7644276938617666
543,-0.8812681611405598
544,-0.8776106739647964
545,-0.8185650818876936
546,-0.6696176152113988
547,-1.0761951813881752
548,-0.46299876250497807
549,-0.47067824624159427
550,-0.5652367218203647
551,-0.5078246309135714
552,-0.6066498365366157
553,-0.010931910752213225
554,-0.771286459296759
555,-0.8703295033217759
556,-1.0526631779580753
557,-1.1798307769353906
558,-1.2866758849102717
559,-1.1970903972494313
560,-0.9472935037529143
561,-0.8430130250411593
562,-0.9797382061720934
563,-1.3025836431645046
564,-0.7551976861399227
565,-0.8449195390518524
566,-1.1901259722719866
567,-1.3896675983285858
568,-0.9917805416612637
569,-1.135585327050446
570,-1.7203700323576883
571,-1.2434862752253466
572,-1.1277626271826353
573,-1.5274486163156722
574,-1.1322661831962386
575,-1.6870053291454299
576,-0.6821825620430888
577,-0.6780938215366666
578,-1.1614580500848974
579,-0.897511412792142
580,-1.813643263301657
581,-1.3146008476987732
582,-0.94720169242962
583,-1.1495228328164067
584,-0.45020198921718885
585,0.07605743829831779
586,-0.95512489835613
587,-0.755091078939802
588,-0.2974138712329411
589,0.26623146553933513
590,-0.6441429054514265
591,-0.049415857209695685
592,0.5782264398948481
593,-0.5631036714994673
594,-0.362906217471773
595,0.003266573944428336
596,0.03045017059741692
597,0.552801900418707
598,0.4029445949065005
599,-0.2589426753348933
600,0.580393641015283
601,0.22925910493725546
602,0.90255936186313
603,0.2557741012527447
604,0.26557387985249714
605,0.6850807730758189
606,0.7647311658307896
607,0.651761938813344
608,-0.10206946721174337
609,0.6655139872440694
610,0.10151767347638108
611,0.5299108771600031
612,-0.06825383662480028
613,0.5679592235266064
614,0.1110950783797095
615,-0.07313937562765915
616,0.6094543726546976
617,0.43019042192067347
618,0.11954799808990654
619,0.8346168618261514
620,0.16872863222233164
621,0.334912772890556
622,0.42337550105576827
623,0.12312671045955015
624,0.5210536386857408
625,0.19110913779754884
626,0.26094619686208664
627,0.9146138360732221
628,0.11144885431871326
629,-0.3258252742296083
630,1.130139844316628
631,1.5104659641459028
632,0.5319468792454758
633,0.05459219749567212
634,0.6849562397536413
635,0.7563223464129882
636,0.8538838875205416
637,0.5947280657680031
638,1.2507167421555683
639,1.2934989530340635
640,0.6467269987378891
641,1.4713536269638787
642,1.998211938914153
643,1.3886641503850696
644,1.254039620046143
645,1.3603628473619982
646,1.657188711902466
647,0.8612936934911621
648,1.542799411764606
649,1.3596407146161122
650,2.1467387545346157
651,1.435342640096361
652,2.0690233296143847
653,1.0807195111949848
654,1.6473895518444481
655,1.5218540647315626
656,1.067936890017453
657,1.390566674155025
658,1.7041537881241537
659,1.1133076743703607
660,0.577582038465239
661,1.1037743824168305
662,0.7320222591114249
663,0.8645945519083016
664,0.8918015124885353
665,0.2595221032517947
666,0.22814521265998744
667,0.9012089041466805
668,0.49083957849335025
669,-0.27945933890374397
670,0.8410073088753146
671,0.6139772559417046
672,0.2257977842852975
673,-0.023201661728329825
674,0.6975523733477826
675,0.5000901772013513
676,1.190066734935192
677,0.4870757969582935
678,0.46495189380996443
679,0.2652503114627308
680,0.6088285332920182
681,0.5454840851056324
682,0.7725436315752372
683,0.16315181781076044
684,0.20722470935547027
685,0.20809664214432758
686,0.6701852972999371
687,0.9361775259903893
688,0.26945904316261465
689,0.29889343337652624
690,0.5734525199168513
691,0.3911854082646653
692,0.8211083724718996
693,-0.2931948902809938
694,0.20836013059194863
695,0.22183899240772725
696,-0.3237353753968693
697,0.1381562834765842
698,0.1361981953876234
699,0.3610110864301439
700,4.989538062081097
701,0.27652281762310327
702,-0.0424211091256943
703,0.24845736028020507
704,0.579866882601286
705,-0.19005669943449172
706,-0.23323320444823534
707,0.21050416610926623
708,-0.13676579839552488
709,0.0900411417311946
710,-0.22108827319081023
711,-0.05207690960417946
712,-0.7420981400556461
713,-0.466208515285874
714,-0.617051251582966
715,-1.0485581708999308
716,-1.2474580398919564
717,-0.5342641129708705
718,-0.9672124041526559
719,-1.267677265182476
720,-1.0038332031948642
721,-0.629913830963559
722,-1.8713352289590304
723,-1.6386998577736342
724,-1.472857951710691
725,-0.6664048559530846
726,-1.099805926667591
727,-0.9439944068835285
728,-1.6185314831028492
729,-1.6115307419754892
730,-1.0567906907094722
731,-1.180980066843177
732,-0.9916717273492504
733,-1.226831794520896
734,-1.0368987604151594
735,-1.0483722946403973
736,-0.7980436973671916
737,-0.7521933973835383
738,-1.5645931247024714
739,-1.7465603143846609
740,-0.5719444809966636
741,-0.47030755497692994
742,-1.208328816079565
743,-1.4694812345241193
744,-0.754266337480474
745,-0.43705699768198736
746,-0.1116454165763715
747,-0.5425034164725799
748,-0.8404969806246393
749,-1.0152070534312154
750,-0.695992047915271
751,-0.8073539822363532
752,-1.0656699038247321
753,-0.006143088905936511
754,-0.11599455870313224
755,-0.3652333376602712
756,-1.1112261640661876
757,-0.5192820787290966
758,-0.6272415159256294
759,-0.731120369147191
760,-0.48517252670936695
761,-0.7376364200139077
762,-0.7386329439588324
763,-0.8117290968838314
764,-0.9509852907461724
765,-1.727977869757148
766,-1.1049816875805822
767,-1.3558141332931302
768,-1.6316746491256982
769,-0.6127402659152941
770,-0.6083771222524252
771,-0.7439659755273407
772,-1.130150465509113
773,-0.7398366487115285
774,-1.194492757478705
775,-1.106838412390981
776,-1.532562676709043
777,-0.9759293597328782
778,-1.0519419081303143
779,-1.4806486719278862
780,-0.9880895644075102
781,-0.9377845139557899
782,-0.2152326620507512
783,-0.4613016103373133
784,-0.6962348544559068
785,-0.5359207890331016
786,-0.5278354142194057
787,-0.5329987821884269
788,-0.7586703192273271
789,-0.350527343597958
790,-0.47744628589085
791,-0.5741889386402272
792,0.11969947720189655
793,0.15195466133990784
794,-0.5398796240545596
795,0.10858926308242675
796,0.5611516001617836
797,0.6391197583186433
798,0.6774065879790403
799,0.37591366795535763
800,0.10423413521079611
801,0.0521031259364117
802,0.5771145525963214
803,0.6081777510334735
804,0.9389551180000524
805,0.8806775869139623
806,0.4514268672269515
807,0.05945510383436853
808,0.3762022849191254
809,0.5532328514528653
810,0.392796355676131
811,0.24530130027693148
812,0.5185629010043356
813,0.23536126239282065
814,0.1735815655834092
815,0.48479124396972734
816,0.2189199218406363
817,0.4310513754762339
818,0.43006128657566356
819,-0.07209588571327219
820,0.1545225864188474
821,0.8268970159714902
822,-0.07747203508874273
823,-0.4008192697351211
824,-0.29548986763911367
825,0.38800594060703647
826,0.4158406569492042
827,0.3965251127432603
828,0.9006204128230401
829,-0.41684420999031546
830,0.7048887521132527
831,1.1647045513647023
832,0.27906785444064164
833,0.5995532325862731
834,0.5301134603922038
835,0.5434792627300868
836,0.806165530120267
837,1.4840337297302333
838,1.6909556787094324
839,0.9923426429198812
840,1.8365400405972103
841,1.2390865378152862
842,1.8935640545784689
843,1.2958235066533763
844,1.4179736658862705
845,1.5379800378296222
846,2.5544476312421063
847,1.7649787066143645
848,1.2377200802395396
849,1.835452351524646
850,-2.2266413879795195
851,1.3248905329126732
852,1.8032731416847898
853,1.4779087111385933
854,1.5393504135426033
855,1.414958800057481
856,1.4899075210820247
857,1.4772160981347535
858,0.6018337687861988
859,1.4599352048840015
860,0.8260621687340448
861,0.6051166742381499
862,1.027426406938266
863,1.0138072316007125
864,0.677630074278037
865,1.147361529041017
866,0.3238643231924007
867,0.5900551996423447
868,0.46908517492619506
869,0.6018956361146862
870,0.6639143956889957
871,0.16588530922747524
872,0.7291529098077516
873,0.4597397410591958
874,-0.257161579021407
875,-0.307689544833757
876,0.3518441834705078
877,0.2626712261793402
878,0.2930587546171367
879,0.31388122721515266
880,0.40190292360030466
881,0.658381628115684
882,-0.0544468367437253
883,-0.06457521818146977
884,-0.02304602537472522
885,0.47690358547256984
886,0.8291362774135448
887,0.26077766850270434
888,-0.4455417296910073
889,-0.14883326380952144
890,0.17196263858381583
891,0.281996822645857
892,0.3449535743337848
893,0.5084305544789934
894,0.3885956812250052
895,0.8629535729844252
896,0.25178317194980127
897,0.17361845318922747
898,0.6241092744158594
899,-0.10607700896241024
900,0.536392096862002
901,0.39818765984404736
902,0.266758821497846
903,0.8242880872071764
904,-0.005116490756337161
905,0.87263324588916
906,0.006566997694429796
907,-0.43194372537629944
908,-0.034756304541546656
909,-0.5132643201286985
910,-0.47942644279719
911,-0.1586975314301054
912,-0.18536706911386827
913,-0.6797375825989793
914,-0.19771794578962953
915,-0.2178686321560786
916,-0.1975351433407545
917,-0.5889815828230072
918,-0.36717902114637596
919,-1.5681586163968229
920,-1.0814378672916658
921,-1.3281722707490193
922,-1.03134793168427
923,-1.3148835430263233
924,-1.2080029417297566
925,-0.519056251233785
926,-1.258113299436475
927,-1.067728130028382
928,-1.3007694268821512
929,-1.1931935348459133
930,-1.211419653409797
931,-1.044462659579976
932,-0.7758726765101804
933,-0.5845590485347727
934,-1.025882036006074
935,-0.8973725642447214
936,-1.4730648617618605
937,-1.0654031559095747
938,-0.6685366139561002
939,-0.6569272965693538
940,-0.8484919636964238
941,-0.5757734517698285
942,-0.6793424111020568
943,-0.39843165184238377
944,-0.6876528198980059
945,-0.8873447873545376
946,-0.6232590595018211
947,-1.7489155982565592
948,-0.57638612908488
949,-1.9795558247016887
950,-1.3032121925918965
951,-0.544492325547169
952,-0.5432608687762669
953,-1.130057639757064
954,-0.9900392140860086
955,-0.283161030889725
956,-0.9583390708834261
957,-0.03351673289210266
958,-0.8517827078616158
959,-0.7431986757101618
960,-0.3566493307001719
961,-0.9141568293476621
962,-1.3484583199071298
963,-1.0730509041571024
964,-1.082726041213445
965,-1.5813735526277313
966,-1.2237902896435653
967,-1.420914180595036
968,-0.8602050989360912
969,-1.1892619267057427
970,-1.3125040037640698
971,-1.256856861348707
972,-1.1413824549665106
973,-0.9966704711535357
974,-1.5486106507236292
975,-1.5423731307226463
976,-0.7632099716564638
977,-1.259194221579128
978,-1.5689717154877716
979,-0.8693859827517318
980,-0.8079911431602613
981,-1.445629506645762
982,-0.7640604699641056
983,-0.5168221929670764
984,-0.5692055000407285
985,-0.40180282814700186
986,-1.0348039308876287
987,-0.3461148332613173
988,-0.4857377159560836
989,-0.46663574198916835
990,0.08838256723444249
991,0.3811675787188538
992,0.568801361220376
993,0.47519478539035
994,0.04706104135370292
995,0.2749809432649408
996,0.48104412022128845
997,0.31080373195974836
998,0.364131158738247
999,0.6506076416965101
